valid_ppl,test_ppl,epoch,total_flos,step,num_params,num_non_embedding_params,canary_exposure,canary_rank,canary_ppl
38.49318363426048,38.04948914541124,0.7778904665314401,1165427447169024,767,163038720,85056000,4.1034816835844214,58174,309.14430665075247
