valid_ppl,test_ppl,epoch,eps_rdp_opacus,alpha_rdp_opacus,eps_gdp,mu_gdp,eps_rdp,alpha_rdp,eps_low,eps_estimate,eps_upper,med_clip,max_clip,min_clip,snr,signal,noise,noise_limit,total_flos,step,num_params,num_non_embedding_params,canary_exposure,canary_rank,canary_ppl
25.551420714605996,24.76573616609143,199.8670618120237,3.140646056231359,10.2,2.571724827839347,0.5635916107001386,2.7741265420191037,9.4,2.5348358591396845,2.5849573855045445,2.6350788971025416,,,,0.0003832557852024367,5.337029933929443,13925.50390625,13925.580003294757,358507211057528832,800,163038720,85056000,5.287261607778593,25608,214.77300069262506
